 mysql -u admin -p -h "cd1908-project-stack-mydbinstance-hw0ishkjgms6.cwjdkbfvkcig.us-east-1.rds.amazonaws.com"  mysql
Enter password: 
Reading table information for completion of table and column names
You can turn off this feature to get a quicker startup with -A

Welcome to the MariaDB monitor.  Commands end with ; or \g.
Your MySQL connection id is 40
Server version: 8.0.39 Source distribution

Copyright (c) 2000, 2018, Oracle, MariaDB Corporation Ab and others.

Type 'help;' or '\h' for help. Type '\c' to clear the current input statement.

MySQL [mysql]> create database udacity
    -> 
    -> Ctrl-C -- exit!
Aborted
[ec2-user@ip-10-1-10-168 ~]$ mysql -u admin -p -h "cd1908-project-stack-mydbinstance-hw0ishkjgms6.cwjdkbfvkcig.us-east-1.rds.amazonaws.com"  mysql
Enter password: 
Reading table information for completion of table and column names
You can turn off this feature to get a quicker startup with -A

Welcome to the MariaDB monitor.  Commands end with ; or \g.
Your MySQL connection id is 41
Server version: 8.0.39 Source distribution

Copyright (c) 2000, 2018, Oracle, MariaDB Corporation Ab and others.

Type 'help;' or '\h' for help. Type '\c' to clear the current input statement.

MySQL [mysql]> create database udacity;
ERROR 1007 (HY000): Can't create database 'udacity'; database exists
MySQL [mysql]> use udacity
Database changed
MySQL [udacity]> SHOW DATABASES;
+--------------------+
| Database           |
+--------------------+
| information_schema |
| mysql              |
| performance_schema |
| sys                |
| udacity            |
+--------------------+
5 rows in set (0.00 sec)

MySQL [udacity]> CREATE TABLE students (
    ->     id INT AUTO_INCREMENT PRIMARY KEY,
    ->     name VARCHAR(50) NOT NULL,
    ->     age INT,
    ->     email VARCHAR(100)
    -> );
Query OK, 0 rows affected (0.06 sec)

MySQL [udacity]> SELECT * FROM students;
Empty set (0.01 sec)

MySQL [udacity]> INSERT INTO students (name, age, email) VALUES
    -> ('Alice', 23, 'alice@example.com'),
    -> ('Bob', 25, 'bob@example.com'),
    -> ('Charlie', 22, 'charlie@example.com');
Query OK, 3 rows affected (0.01 sec)
Records: 3  Duplicates: 0  Warnings: 0

MySQL [udacity]> SELECT * FROM students;
+----+---------+------+---------------------+
| id | name    | age  | email               |
+----+---------+------+---------------------+
|  1 | Alice   |   23 | alice@example.com   |
|  2 | Bob     |   25 | bob@example.com     |
|  3 | Charlie |   22 | charlie@example.com |
+----+---------+------+---------------------+
3 rows in set (0.00 sec)
